investor_id,num_sip_transactions,avg_gap_days,risk_status
INV000004,6,85.4,At Risk
INV000008,6,70.4,At Risk
INV000010,6,64.8,At Risk
INV000011,7,40.166666666666664,At Risk
INV000012,8,57.0,At Risk
INV000013,7,55.333333333333336,At Risk
INV000014,7,75.33333333333333,At Risk
INV000023,8,58.57142857142857,At Risk
INV000028,6,93.6,At Risk
INV000029,7,60.666666666666664,At Risk
INV000030,9,47.625,At Risk
INV000033,8,45.57142857142857,At Risk
INV000039,6,68.6,At Risk
INV000045,6,70.6,At Risk
INV000048,9,46.0,At Risk
INV000052,6,36.2,At Risk
INV000056,6,74.8,At Risk
INV000057,8,49.714285714285715,At Risk
INV000069,10,49.111111111111114,At Risk
INV000072,6,83.0,At Risk
INV000073,9,48.25,At Risk
INV000074,8,72.57142857142857,At Risk
INV000075,6,74.8,At Risk
INV000076,6,91.8,At Risk
INV000079,6,65.8,At Risk
INV000081,7,81.33333333333333,At Risk
INV000082,7,83.66666666666667,At Risk
INV000086,10,44.666666666666664,At Risk
INV000087,6,92.8,At Risk
INV000091,8,44.0,At Risk
INV000093,7,55.5,At Risk
INV000094,6,44.8,At Risk
INV000095,6,69.4,At Risk
INV000097,7,54.5,At Risk
INV000101,8,65.0,At Risk
INV000102,8,65.28571428571429,At Risk
INV000103,6,83.4,At Risk
INV000105,8,57.0,At Risk
INV000109,9,46.25,At Risk
INV000113,8,46.0,At Risk
INV000123,7,59.666666666666664,At Risk
INV000128,6,82.0,At Risk
INV000131,7,56.0,At Risk
INV000132,6,71.0,At Risk
INV000133,6,88.2,At Risk
INV000138,6,76.2,At Risk
INV000145,6,89.4,At Risk
INV000146,6,66.8,At Risk
INV000148,9,52.0,At Risk
INV000155,7,37.333333333333336,At Risk
INV000161,7,73.0,At Risk
INV000163,8,61.0,At Risk
INV000164,6,61.8,At Risk
INV000169,7,67.83333333333333,At Risk
INV000173,7,57.666666666666664,At Risk
INV000175,7,83.66666666666667,At Risk
INV000177,8,65.42857142857143,At Risk
INV000180,6,61.8,At Risk
INV000183,9,56.125,At Risk
INV000191,7,56.5,At Risk
INV000194,7,58.0,At Risk
INV000195,6,77.4,At Risk
INV000196,7,69.0,At Risk
INV000201,9,51.125,At Risk
INV000205,8,62.57142857142857,At Risk
INV000210,8,70.71428571428571,At Risk
INV000214,6,94.8,At Risk
INV000217,6,92.0,At Risk
INV000228,9,59.75,At Risk
INV000236,8,67.14285714285714,At Risk
INV000238,6,93.6,At Risk
INV000239,8,48.857142857142854,At Risk
INV000243,6,88.2,At Risk
INV000245,6,92.2,At Risk
INV000249,7,45.5,At Risk
INV000252,6,50.4,At Risk
INV000255,6,48.6,At Risk
INV000256,6,70.2,At Risk
INV000259,6,70.6,At Risk
INV000260,8,59.57142857142857,At Risk
INV000262,8,53.57142857142857,At Risk
INV000263,8,68.42857142857143,At Risk
INV000265,10,53.44444444444444,At Risk
INV000268,7,62.333333333333336,At Risk
INV000279,9,43.375,At Risk
INV000280,9,55.75,At Risk
INV000283,6,68.0,At Risk
INV000287,7,69.83333333333333,At Risk
INV000289,8,62.714285714285715,At Risk
INV000291,6,89.0,At Risk
INV000292,7,46.0,At Risk
INV000293,7,47.0,At Risk
INV000297,6,90.6,At Risk
INV000299,6,85.2,At Risk
INV000304,7,70.0,At Risk
INV000309,8,52.0,At Risk
INV000310,7,75.83333333333333,At Risk
INV000318,6,97.4,At Risk
INV000319,7,73.5,At Risk
INV000321,7,72.83333333333333,At Risk
INV000328,9,37.5,At Risk
INV000331,8,50.714285714285715,At Risk
INV000334,7,25.5,Active
INV000335,6,96.0,At Risk
INV000339,6,94.0,At Risk
INV000341,8,54.42857142857143,At Risk
INV000356,6,54.4,At Risk
INV000359,9,54.125,At Risk
INV000363,7,77.0,At Risk
INV000369,6,43.8,At Risk
INV000371,8,59.285714285714285,At Risk
INV000372,7,54.5,At Risk
INV000380,6,97.0,At Risk
INV000388,9,53.625,At Risk
INV000392,7,77.16666666666667,At Risk
INV000395,7,55.666666666666664,At Risk
INV000396,6,83.2,At Risk
INV000399,10,49.55555555555556,At Risk
INV000400,6,62.6,At Risk
INV000403,6,58.2,At Risk
INV000407,6,82.4,At Risk
INV000408,6,46.8,At Risk
INV000412,8,43.714285714285715,At Risk
INV000414,8,66.28571428571429,At Risk
INV000415,7,66.16666666666667,At Risk
INV000418,6,86.8,At Risk
INV000427,7,68.5,At Risk
INV000428,8,52.142857142857146,At Risk
INV000429,6,77.2,At Risk
INV000437,6,97.8,At Risk
INV000440,8,69.57142857142857,At Risk
INV000441,6,60.8,At Risk
INV000444,6,73.2,At Risk
INV000445,9,57.75,At Risk
INV000446,6,38.6,At Risk
INV000449,6,46.8,At Risk
INV000452,9,49.375,At Risk
INV000457,6,91.4,At Risk
INV000460,6,43.4,At Risk
INV000463,7,65.16666666666667,At Risk
INV000466,7,73.33333333333333,At Risk
INV000467,10,56.666666666666664,At Risk
INV000469,7,70.5,At Risk
INV000483,8,70.42857142857143,At Risk
INV000491,6,95.0,At Risk
INV000493,10,47.55555555555556,At Risk
INV000497,7,71.83333333333333,At Risk
INV000499,7,77.83333333333333,At Risk
INV000507,7,70.16666666666667,At Risk
INV000512,9,54.75,At Risk
INV000522,6,100.8,At Risk
INV000524,7,55.0,At Risk
INV000527,6,50.8,At Risk
INV000529,6,59.2,At Risk
INV000531,7,47.0,At Risk
INV000539,7,77.0,At Risk
INV000540,7,73.5,At Risk
INV000543,7,83.66666666666667,At Risk
INV000545,6,80.6,At Risk
INV000546,9,55.0,At Risk
INV000547,6,55.8,At Risk
INV000549,6,96.2,At Risk
INV000553,6,72.0,At Risk
INV000554,6,70.2,At Risk
INV000556,8,52.42857142857143,At Risk
INV000562,6,74.4,At Risk
INV000563,7,76.33333333333333,At Risk
INV000566,7,35.0,Active
INV000567,6,63.8,At Risk
INV000568,6,62.4,At Risk
INV000570,8,67.28571428571429,At Risk
INV000573,7,50.833333333333336,At Risk
INV000575,6,71.6,At Risk
INV000578,7,66.83333333333333,At Risk
INV000581,7,78.33333333333333,At Risk
INV000586,7,44.5,At Risk
INV000589,9,59.125,At Risk
INV000591,7,64.5,At Risk
INV000593,6,74.2,At Risk
INV000596,9,51.75,At Risk
INV000597,6,88.6,At Risk
INV000599,7,81.5,At Risk
INV000607,7,66.66666666666667,At Risk
INV000608,6,100.2,At Risk
INV000609,6,47.0,At Risk
INV000612,11,49.3,At Risk
INV000615,7,55.833333333333336,At Risk
INV000624,7,31.666666666666668,Active
INV000625,6,86.4,At Risk
INV000630,7,68.66666666666667,At Risk
INV000631,6,54.0,At Risk
INV000634,9,52.25,At Risk
INV000635,6,75.0,At Risk
INV000641,6,54.8,At Risk
INV000642,9,53.5,At Risk
INV000645,6,66.0,At Risk
INV000646,7,62.333333333333336,At Risk
INV000651,6,94.0,At Risk
INV000652,6,93.8,At Risk
INV000657,8,64.71428571428571,At Risk
INV000662,8,66.14285714285714,At Risk
INV000663,6,94.4,At Risk
INV000665,10,36.22222222222222,At Risk
INV000667,6,68.0,At Risk
INV000673,6,92.8,At Risk
INV000675,6,62.8,At Risk
INV000676,11,35.3,At Risk
INV000678,7,63.333333333333336,At Risk
INV000683,9,54.5,At Risk
INV000690,8,56.285714285714285,At Risk
INV000691,6,66.4,At Risk
INV000698,9,52.25,At Risk
INV000699,6,42.8,At Risk
INV000701,7,83.66666666666667,At Risk
INV000707,9,34.375,Active
INV000709,7,65.16666666666667,At Risk
INV000710,6,88.6,At Risk
INV000714,9,37.0,At Risk
INV000718,7,57.833333333333336,At Risk
INV000719,7,72.83333333333333,At Risk
INV000724,6,81.2,At Risk
INV000725,7,67.66666666666667,At Risk
INV000734,8,64.0,At Risk
INV000737,6,92.6,At Risk
INV000747,6,84.6,At Risk
INV000750,9,26.5,Active
INV000751,9,53.0,At Risk
INV000754,7,72.33333333333333,At Risk
INV000759,7,83.0,At Risk
INV000761,7,75.16666666666667,At Risk
INV000768,8,60.0,At Risk
INV000772,6,46.0,At Risk
INV000774,7,73.66666666666667,At Risk
INV000776,8,59.42857142857143,At Risk
INV000777,6,66.0,At Risk
INV000778,8,59.714285714285715,At Risk
INV000779,6,75.0,At Risk
INV000783,6,89.8,At Risk
INV000785,6,32.6,Active
INV000786,9,64.125,At Risk
INV000789,8,55.142857142857146,At Risk
INV000793,8,69.14285714285714,At Risk
INV000803,7,77.16666666666667,At Risk
INV000814,6,94.0,At Risk
INV000822,7,55.5,At Risk
INV000823,7,39.666666666666664,At Risk
INV000827,8,58.285714285714285,At Risk
INV000830,6,72.2,At Risk
INV000833,8,67.28571428571429,At Risk
INV000836,6,84.8,At Risk
INV000843,6,55.6,At Risk
INV000844,7,66.16666666666667,At Risk
INV000847,6,47.8,At Risk
INV000853,10,49.333333333333336,At Risk
INV000854,9,61.25,At Risk
INV000858,9,44.875,At Risk
INV000862,6,91.2,At Risk
INV000864,6,40.8,At Risk
INV000865,9,45.75,At Risk
INV000869,6,65.4,At Risk
INV000873,7,73.5,At Risk
INV000874,9,62.125,At Risk
INV000877,6,59.4,At Risk
INV000881,10,46.111111111111114,At Risk
INV000887,7,65.66666666666667,At Risk
INV000888,7,80.33333333333333,At Risk
INV000893,7,59.5,At Risk
INV000894,6,55.0,At Risk
INV000901,6,54.0,At Risk
INV000907,6,59.2,At Risk
INV000920,6,75.6,At Risk
INV000926,6,80.0,At Risk
INV000929,7,58.166666666666664,At Risk
INV000930,8,32.42857142857143,Active
INV000935,9,30.875,Active
INV000939,8,60.57142857142857,At Risk
INV000942,7,53.0,At Risk
INV000949,7,67.5,At Risk
INV000950,6,91.0,At Risk
INV000971,7,46.833333333333336,At Risk
INV000974,7,73.5,At Risk
INV000977,10,48.77777777777778,At Risk
INV000979,6,79.8,At Risk
INV000980,8,44.42857142857143,At Risk
INV000981,6,50.4,At Risk
INV000986,7,60.833333333333336,At Risk
INV000994,6,63.8,At Risk
INV001001,8,60.285714285714285,At Risk
INV001002,7,41.666666666666664,At Risk
INV001005,6,93.6,At Risk
INV001008,7,64.66666666666667,At Risk
INV001013,6,96.8,At Risk
INV001017,6,67.0,At Risk
INV001019,9,44.875,At Risk
INV001021,7,68.66666666666667,At Risk
INV001023,8,72.42857142857143,At Risk
INV001025,6,38.8,At Risk
INV001026,6,69.4,At Risk
INV001037,10,42.0,At Risk
INV001039,6,66.2,At Risk
INV001041,7,83.0,At Risk
INV001047,7,66.16666666666667,At Risk
INV001048,8,47.0,At Risk
INV001051,8,54.142857142857146,At Risk
INV001053,8,55.857142857142854,At Risk
INV001055,6,93.2,At Risk
INV001060,9,53.375,At Risk
INV001061,9,51.125,At Risk
INV001063,8,43.285714285714285,At Risk
INV001064,9,59.5,At Risk
INV001069,8,41.285714285714285,At Risk
INV001070,6,97.0,At Risk
INV001092,7,77.33333333333333,At Risk
INV001099,8,26.142857142857142,Active
INV001102,7,55.333333333333336,At Risk
INV001115,6,81.4,At Risk
INV001116,9,58.125,At Risk
INV001117,8,61.714285714285715,At Risk
INV001130,7,76.83333333333333,At Risk
INV001137,7,57.0,At Risk
INV001140,6,60.4,At Risk
INV001141,6,97.6,At Risk
INV001142,7,42.833333333333336,At Risk
INV001156,6,102.4,At Risk
INV001160,8,57.57142857142857,At Risk
INV001161,6,80.6,At Risk
INV001163,7,67.33333333333333,At Risk
INV001167,6,96.2,At Risk
INV001170,6,68.2,At Risk
INV001173,6,67.0,At Risk
INV001178,7,79.66666666666667,At Risk
INV001180,6,74.4,At Risk
INV001181,8,67.42857142857143,At Risk
INV001190,6,97.0,At Risk
INV001195,8,53.42857142857143,At Risk
INV001196,6,92.2,At Risk
INV001202,8,58.0,At Risk
INV001206,6,83.6,At Risk
INV001208,7,51.833333333333336,At Risk
INV001210,9,36.875,At Risk
INV001217,8,60.142857142857146,At Risk
INV001219,8,50.857142857142854,At Risk
INV001220,7,77.16666666666667,At Risk
INV001223,7,70.83333333333333,At Risk
INV001234,8,60.57142857142857,At Risk
INV001235,9,59.0,At Risk
INV001237,6,98.0,At Risk
INV001238,7,68.5,At Risk
INV001242,6,69.8,At Risk
INV001251,6,82.0,At Risk
INV001262,7,44.833333333333336,At Risk
INV001274,7,73.33333333333333,At Risk
INV001275,7,66.66666666666667,At Risk
INV001282,6,67.0,At Risk
INV001287,6,92.2,At Risk
INV001288,7,45.666666666666664,At Risk
INV001291,6,76.2,At Risk
INV001295,9,50.75,At Risk
INV001298,7,71.83333333333333,At Risk
INV001299,9,51.25,At Risk
INV001304,6,97.6,At Risk
INV001308,9,54.625,At Risk
INV001310,6,81.2,At Risk
INV001314,10,50.44444444444444,At Risk
INV001315,7,51.833333333333336,At Risk
INV001316,6,92.4,At Risk
INV001317,6,84.8,At Risk
INV001318,10,46.22222222222222,At Risk
INV001326,8,69.42857142857143,At Risk
INV001329,6,68.2,At Risk
INV001331,6,94.2,At Risk
INV001332,7,80.0,At Risk
INV001333,7,78.66666666666667,At Risk
INV001336,8,65.85714285714286,At Risk
INV001348,7,47.833333333333336,At Risk
INV001351,7,70.5,At Risk
INV001355,6,60.2,At Risk
INV001356,6,79.2,At Risk
INV001359,7,72.5,At Risk
INV001361,7,50.5,At Risk
INV001367,6,99.0,At Risk
INV001375,7,78.5,At Risk
INV001376,7,78.66666666666667,At Risk
INV001383,8,56.142857142857146,At Risk
INV001387,9,57.25,At Risk
INV001394,8,63.57142857142857,At Risk
INV001400,6,76.8,At Risk
INV001401,6,68.6,At Risk
INV001406,10,47.666666666666664,At Risk
INV001407,6,45.2,At Risk
INV001415,8,68.14285714285714,At Risk
INV001418,6,88.6,At Risk
INV001419,6,85.8,At Risk
INV001423,8,48.57142857142857,At Risk
INV001428,6,79.4,At Risk
INV001432,6,71.4,At Risk
INV001434,6,80.6,At Risk
INV001442,9,57.125,At Risk
INV001454,7,73.0,At Risk
INV001455,8,64.71428571428571,At Risk
INV001457,6,43.8,At Risk
INV001458,7,59.833333333333336,At Risk
INV001466,6,44.6,At Risk
INV001472,6,79.0,At Risk
INV001482,6,80.6,At Risk
INV001485,9,55.0,At Risk
INV001491,6,98.8,At Risk
INV001497,9,63.0,At Risk
INV001504,9,54.25,At Risk
INV001507,6,86.2,At Risk
INV001510,7,66.83333333333333,At Risk
INV001514,7,51.833333333333336,At Risk
INV001516,6,56.8,At Risk
INV001526,6,50.4,At Risk
INV001530,7,64.66666666666667,At Risk
INV001532,7,56.833333333333336,At Risk
INV001536,7,69.0,At Risk
INV001545,6,92.8,At Risk
INV001547,7,72.16666666666667,At Risk
INV001548,6,80.6,At Risk
INV001550,7,79.0,At Risk
INV001551,6,61.8,At Risk
INV001562,10,44.22222222222222,At Risk
INV001564,8,55.714285714285715,At Risk
INV001569,6,83.4,At Risk
INV001579,7,75.0,At Risk
INV001580,7,45.666666666666664,At Risk
INV001585,6,56.6,At Risk
INV001587,7,65.0,At Risk
INV001597,7,56.0,At Risk
INV001599,6,58.2,At Risk
INV001602,6,93.8,At Risk
INV001603,7,54.5,At Risk
INV001605,8,60.57142857142857,At Risk
INV001606,7,67.66666666666667,At Risk
INV001616,9,53.0,At Risk
INV001623,6,92.0,At Risk
INV001625,6,72.0,At Risk
INV001628,8,51.714285714285715,At Risk
INV001629,7,67.5,At Risk
INV001631,6,57.0,At Risk
INV001636,9,48.875,At Risk
INV001641,6,88.4,At Risk
INV001644,6,65.6,At Risk
INV001645,6,67.6,At Risk
INV001649,10,51.666666666666664,At Risk
INV001651,7,78.66666666666667,At Risk
INV001653,6,55.2,At Risk
INV001654,7,56.0,At Risk
INV001656,8,59.857142857142854,At Risk
INV001662,6,60.2,At Risk
INV001672,9,34.0,Active
INV001673,11,49.3,At Risk
INV001680,9,58.875,At Risk
INV001683,7,72.5,At Risk
INV001689,6,83.6,At Risk
INV001690,7,81.16666666666667,At Risk
INV001691,6,82.0,At Risk
INV001694,8,66.14285714285714,At Risk
INV001697,9,62.5,At Risk
INV001699,6,83.2,At Risk
INV001709,6,51.8,At Risk
INV001711,7,65.83333333333333,At Risk
INV001712,6,66.6,At Risk
INV001715,8,68.28571428571429,At Risk
INV001718,6,84.0,At Risk
INV001724,7,69.66666666666667,At Risk
INV001728,8,50.57142857142857,At Risk
INV001737,7,56.833333333333336,At Risk
INV001738,9,47.5,At Risk
INV001739,9,52.5,At Risk
INV001741,6,89.4,At Risk
INV001744,7,78.5,At Risk
INV001752,7,69.33333333333333,At Risk
INV001753,11,42.8,At Risk
INV001757,8,55.57142857142857,At Risk
INV001759,10,49.55555555555556,At Risk
INV001769,6,98.0,At Risk
INV001772,6,95.0,At Risk
INV001775,8,29.142857142857142,Active
INV001777,9,57.625,At Risk
INV001778,8,63.57142857142857,At Risk
INV001797,7,79.66666666666667,At Risk
INV001800,7,49.666666666666664,At Risk
INV001802,7,61.666666666666664,At Risk
INV001803,6,59.0,At Risk
INV001804,8,55.857142857142854,At Risk
INV001806,8,60.0,At Risk
INV001809,6,95.6,At Risk
INV001811,9,54.25,At Risk
INV001822,6,19.8,Active
INV001823,8,58.142857142857146,At Risk
INV001826,6,51.2,At Risk
INV001828,8,44.42857142857143,At Risk
INV001831,6,72.8,At Risk
INV001837,7,62.833333333333336,At Risk
INV001841,6,56.2,At Risk
INV001853,8,47.42857142857143,At Risk
INV001858,8,55.142857142857146,At Risk
INV001865,7,63.5,At Risk
INV001866,6,58.8,At Risk
INV001870,7,76.0,At Risk
INV001871,7,55.0,At Risk
INV001883,6,99.2,At Risk
INV001885,6,71.2,At Risk
INV001886,9,50.75,At Risk
INV001890,6,102.6,At Risk
INV001891,6,96.4,At Risk
INV001909,8,62.142857142857146,At Risk
INV001912,6,86.4,At Risk
INV001920,7,39.0,At Risk
INV001921,8,68.57142857142857,At Risk
INV001923,7,80.66666666666667,At Risk
INV001924,7,59.166666666666664,At Risk
INV001927,6,58.8,At Risk
INV001929,6,66.2,At Risk
INV001937,8,60.42857142857143,At Risk
INV001938,9,43.0,At Risk
INV001943,6,74.4,At Risk
INV001950,7,60.166666666666664,At Risk
INV001951,7,58.833333333333336,At Risk
INV001954,6,86.8,At Risk
INV001955,6,76.0,At Risk
INV001961,6,83.4,At Risk
INV001969,6,79.2,At Risk
INV001971,8,54.714285714285715,At Risk
INV001972,8,42.42857142857143,At Risk
INV001978,6,83.2,At Risk
INV001979,6,55.4,At Risk
INV001982,6,85.8,At Risk
INV001986,7,47.666666666666664,At Risk
INV001987,7,67.0,At Risk
INV001990,8,45.285714285714285,At Risk
INV001993,6,56.6,At Risk
INV001995,6,48.6,At Risk
INV001997,6,88.6,At Risk
INV002001,6,84.8,At Risk
INV002006,6,73.6,At Risk
INV002010,6,74.6,At Risk
INV002017,7,44.666666666666664,At Risk
INV002018,6,63.6,At Risk
INV002019,6,68.8,At Risk
INV002025,7,55.833333333333336,At Risk
INV002033,7,55.0,At Risk
INV002034,8,69.0,At Risk
INV002037,6,33.2,Active
INV002038,6,84.0,At Risk
INV002051,6,78.6,At Risk
INV002052,7,44.166666666666664,At Risk
INV002069,10,47.55555555555556,At Risk
INV002070,7,81.33333333333333,At Risk
INV002083,10,51.666666666666664,At Risk
INV002085,6,65.0,At Risk
INV002090,6,90.2,At Risk
INV002092,7,33.5,Active
INV002101,6,80.2,At Risk
INV002102,6,44.8,At Risk
INV002107,8,71.14285714285714,At Risk
INV002111,8,62.42857142857143,At Risk
INV002119,6,78.0,At Risk
INV002121,7,68.5,At Risk
INV002122,7,40.333333333333336,At Risk
INV002127,6,60.2,At Risk
INV002134,7,82.66666666666667,At Risk
INV002138,6,91.8,At Risk
INV002142,9,45.5,At Risk
INV002143,8,63.57142857142857,At Risk
INV002149,8,42.285714285714285,At Risk
INV002150,6,73.6,At Risk
INV002151,9,60.375,At Risk
INV002153,7,67.83333333333333,At Risk
INV002154,6,89.4,At Risk
INV002155,6,78.0,At Risk
INV002157,7,58.5,At Risk
INV002159,6,65.0,At Risk
INV002162,9,58.375,At Risk
INV002166,6,99.2,At Risk
INV002171,7,55.833333333333336,At Risk
INV002177,7,73.0,At Risk
INV002178,8,66.42857142857143,At Risk
INV002179,8,54.142857142857146,At Risk
INV002182,7,70.5,At Risk
INV002185,6,48.4,At Risk
INV002186,7,74.83333333333333,At Risk
INV002187,7,67.83333333333333,At Risk
INV002195,9,49.25,At Risk
INV002196,8,62.142857142857146,At Risk
INV002198,9,43.0,At Risk
INV002199,7,50.833333333333336,At Risk
INV002202,8,70.42857142857143,At Risk
INV002206,7,49.0,At Risk
INV002208,7,71.33333333333333,At Risk
INV002211,7,63.833333333333336,At Risk
INV002216,8,61.714285714285715,At Risk
INV002218,6,67.8,At Risk
INV002219,8,70.85714285714286,At Risk
INV002228,6,68.6,At Risk
INV002229,6,64.6,At Risk
INV002230,8,57.57142857142857,At Risk
INV002232,7,69.16666666666667,At Risk
INV002236,7,73.66666666666667,At Risk
INV002237,7,51.666666666666664,At Risk
INV002240,7,77.83333333333333,At Risk
INV002241,7,65.66666666666667,At Risk
INV002251,6,62.6,At Risk
INV002256,6,75.6,At Risk
INV002259,7,45.333333333333336,At Risk
INV002260,6,77.8,At Risk
INV002265,7,63.166666666666664,At Risk
INV002277,7,67.33333333333333,At Risk
INV002280,7,71.66666666666667,At Risk
INV002282,6,53.2,At Risk
INV002284,6,85.0,At Risk
INV002290,6,61.6,At Risk
INV002294,8,48.714285714285715,At Risk
INV002295,7,64.5,At Risk
INV002298,6,23.2,Active
INV002304,10,42.55555555555556,At Risk
INV002315,7,71.83333333333333,At Risk
INV002319,7,60.0,At Risk
INV002322,6,63.4,At Risk
INV002327,6,76.4,At Risk
INV002329,7,57.0,At Risk
INV002342,6,74.2,At Risk
INV002343,9,57.75,At Risk
INV002347,9,40.5,At Risk
INV002348,6,94.4,At Risk
INV002349,6,52.2,At Risk
INV002351,6,77.2,At Risk
INV002357,7,68.33333333333333,At Risk
INV002360,9,56.125,At Risk
INV002361,6,55.4,At Risk
INV002367,7,52.5,At Risk
INV002368,7,61.166666666666664,At Risk
INV002369,6,60.0,At Risk
INV002370,7,70.16666666666667,At Risk
INV002372,6,95.2,At Risk
INV002373,8,70.14285714285714,At Risk
INV002374,6,21.2,Active
INV002384,10,39.111111111111114,At Risk
INV002388,6,33.2,Active
INV002389,10,50.77777777777778,At Risk
INV002390,6,47.0,At Risk
INV002391,6,40.2,At Risk
INV002395,6,97.0,At Risk
INV002400,9,55.375,At Risk
INV002401,8,59.142857142857146,At Risk
INV002402,7,47.166666666666664,At Risk
INV002407,7,47.833333333333336,At Risk
INV002409,8,55.57142857142857,At Risk
INV002413,8,53.0,At Risk
INV002415,8,57.42857142857143,At Risk
INV002417,7,83.33333333333333,At Risk
INV002418,6,91.6,At Risk
INV002420,6,72.8,At Risk
INV002422,10,50.333333333333336,At Risk
INV002429,6,78.6,At Risk
INV002434,6,88.2,At Risk
INV002437,7,49.166666666666664,At Risk
INV002445,8,38.142857142857146,At Risk
INV002453,7,63.0,At Risk
INV002458,6,72.4,At Risk
INV002459,8,53.714285714285715,At Risk
INV002463,6,95.4,At Risk
INV002464,6,35.4,At Risk
INV002466,7,80.66666666666667,At Risk
INV002467,8,38.857142857142854,At Risk
INV002471,6,56.4,At Risk
INV002475,10,49.666666666666664,At Risk
INV002476,6,86.0,At Risk
INV002485,6,70.4,At Risk
INV002490,8,70.0,At Risk
INV002495,6,82.2,At Risk
INV002496,6,53.0,At Risk
INV002497,8,67.28571428571429,At Risk
INV002508,9,51.625,At Risk
INV002509,10,33.666666666666664,Active
INV002510,7,64.33333333333333,At Risk
INV002521,6,74.6,At Risk
INV002527,7,49.666666666666664,At Risk
INV002530,8,71.42857142857143,At Risk
INV002531,7,76.33333333333333,At Risk
INV002543,7,74.66666666666667,At Risk
INV002547,6,89.0,At Risk
INV002552,10,48.22222222222222,At Risk
INV002554,7,49.666666666666664,At Risk
INV002555,7,72.0,At Risk
INV002557,7,67.16666666666667,At Risk
INV002558,6,97.6,At Risk
INV002560,6,95.2,At Risk
INV002563,6,65.8,At Risk
INV002567,6,82.0,At Risk
INV002568,8,61.57142857142857,At Risk
INV002570,7,62.0,At Risk
INV002572,8,55.714285714285715,At Risk
INV002574,6,79.4,At Risk
INV002575,9,56.125,At Risk
INV002579,6,40.8,At Risk
INV002582,6,77.4,At Risk
INV002585,6,65.0,At Risk
INV002586,6,87.2,At Risk
INV002590,10,50.22222222222222,At Risk
INV002591,6,52.2,At Risk
INV002594,6,94.0,At Risk
INV002598,9,51.375,At Risk
INV002602,8,66.0,At Risk
INV002606,6,89.6,At Risk
INV002613,8,65.0,At Risk
INV002622,7,76.66666666666667,At Risk
INV002627,6,85.0,At Risk
INV002628,6,77.0,At Risk
INV002632,8,65.57142857142857,At Risk
INV002640,7,70.0,At Risk
INV002643,6,74.2,At Risk
INV002645,7,45.166666666666664,At Risk
INV002654,8,61.857142857142854,At Risk
INV002659,7,62.333333333333336,At Risk
INV002666,7,53.166666666666664,At Risk
INV002671,7,77.16666666666667,At Risk
INV002673,8,65.0,At Risk
INV002674,6,75.8,At Risk
INV002675,8,63.857142857142854,At Risk
INV002681,7,83.66666666666667,At Risk
INV002684,6,80.6,At Risk
INV002688,9,37.0,At Risk
INV002689,8,50.0,At Risk
INV002693,7,45.833333333333336,At Risk
INV002697,7,55.333333333333336,At Risk
INV002700,7,79.83333333333333,At Risk
INV002704,8,59.142857142857146,At Risk
INV002705,8,22.571428571428573,Active
INV002706,6,73.6,At Risk
INV002711,8,65.57142857142857,At Risk
INV002712,11,46.8,At Risk
INV002722,6,61.4,At Risk
INV002723,9,37.75,At Risk
INV002724,6,76.6,At Risk
INV002726,8,45.57142857142857,At Risk
INV002732,8,70.71428571428571,At Risk
INV002733,8,51.57142857142857,At Risk
INV002735,7,68.16666666666667,At Risk
INV002736,6,70.6,At Risk
INV002737,8,58.42857142857143,At Risk
INV002743,6,88.2,At Risk
INV002744,10,52.888888888888886,At Risk
INV002746,8,68.0,At Risk
INV002750,6,72.4,At Risk
INV002751,7,41.5,At Risk
INV002758,6,81.0,At Risk
INV002761,6,80.6,At Risk
INV002766,6,70.6,At Risk
INV002767,7,55.333333333333336,At Risk
INV002769,7,82.0,At Risk
INV002772,7,74.5,At Risk
INV002779,6,64.2,At Risk
INV002783,7,64.0,At Risk
INV002786,7,76.33333333333333,At Risk
INV002793,7,59.333333333333336,At Risk
INV002794,7,56.166666666666664,At Risk
INV002799,6,70.8,At Risk
INV002800,7,63.5,At Risk
INV002803,7,64.83333333333333,At Risk
INV002804,8,59.857142857142854,At Risk
INV002808,7,59.666666666666664,At Risk
INV002809,6,81.4,At Risk
INV002810,8,32.285714285714285,Active
INV002813,7,49.0,At Risk
INV002822,7,53.0,At Risk
INV002824,7,71.83333333333333,At Risk
INV002826,6,61.6,At Risk
INV002827,6,73.6,At Risk
INV002828,6,80.0,At Risk
INV002831,6,40.2,At Risk
INV002835,7,82.33333333333333,At Risk
INV002838,8,56.714285714285715,At Risk
INV002841,6,43.4,At Risk
INV002843,8,43.142857142857146,At Risk
INV002847,10,52.666666666666664,At Risk
INV002850,7,53.166666666666664,At Risk
INV002852,6,75.8,At Risk
INV002859,7,76.5,At Risk
INV002863,6,74.4,At Risk
INV002865,6,37.2,At Risk
INV002870,6,48.2,At Risk
INV002872,6,85.6,At Risk
INV002873,6,98.2,At Risk
INV002879,7,72.16666666666667,At Risk
INV002881,6,43.6,At Risk
INV002883,6,96.0,At Risk
INV002886,7,44.333333333333336,At Risk
INV002891,8,72.71428571428571,At Risk
INV002893,9,50.0,At Risk
INV002900,6,64.2,At Risk
INV002903,6,89.6,At Risk
INV002904,7,49.333333333333336,At Risk
INV002905,6,73.0,At Risk
INV002906,6,41.2,At Risk
INV002909,7,82.33333333333333,At Risk
INV002912,6,97.0,At Risk
INV002913,7,73.66666666666667,At Risk
INV002915,8,49.285714285714285,At Risk
INV002921,7,53.333333333333336,At Risk
INV002927,8,40.285714285714285,At Risk
INV002935,7,48.0,At Risk
INV002937,7,67.16666666666667,At Risk
INV002939,7,60.5,At Risk
INV002942,9,55.5,At Risk
INV002945,8,65.0,At Risk
INV002947,7,64.16666666666667,At Risk
INV002950,8,45.857142857142854,At Risk
INV002951,7,51.833333333333336,At Risk
INV002961,7,84.66666666666667,At Risk
INV002974,7,51.333333333333336,At Risk
INV002984,6,91.0,At Risk
INV002989,6,86.6,At Risk
INV002994,7,58.166666666666664,At Risk
INV003000,7,67.0,At Risk
INV003003,9,58.25,At Risk
INV003005,8,53.142857142857146,At Risk
INV003007,9,48.25,At Risk
INV003009,9,38.125,At Risk
INV003011,7,64.16666666666667,At Risk
INV003014,6,82.4,At Risk
INV003015,7,54.666666666666664,At Risk
INV003018,6,49.2,At Risk
INV003022,6,69.6,At Risk
INV003024,6,44.2,At Risk
INV003025,8,35.285714285714285,At Risk
INV003028,6,91.4,At Risk
INV003034,6,73.4,At Risk
INV003036,8,57.714285714285715,At Risk
INV003037,7,79.5,At Risk
INV003040,6,74.0,At Risk
INV003043,7,73.83333333333333,At Risk
INV003044,7,71.16666666666667,At Risk
INV003045,6,36.2,At Risk
INV003047,8,70.14285714285714,At Risk
INV003054,7,78.66666666666667,At Risk
INV003060,7,79.0,At Risk
INV003063,7,57.833333333333336,At Risk
INV003070,9,54.5,At Risk
INV003074,6,74.8,At Risk
INV003075,8,57.42857142857143,At Risk
INV003078,7,69.16666666666667,At Risk
INV003082,8,46.42857142857143,At Risk
INV003083,6,66.4,At Risk
INV003089,6,65.0,At Risk
INV003091,9,50.875,At Risk
INV003095,6,86.6,At Risk
INV003097,8,62.714285714285715,At Risk
INV003105,7,65.5,At Risk
INV003112,6,91.6,At Risk
INV003113,8,66.85714285714286,At Risk
INV003115,6,48.0,At Risk
INV003117,8,66.57142857142857,At Risk
INV003134,7,76.83333333333333,At Risk
INV003139,7,55.166666666666664,At Risk
INV003140,8,57.0,At Risk
INV003141,7,67.5,At Risk
INV003144,7,82.5,At Risk
INV003146,9,59.5,At Risk
INV003151,6,81.0,At Risk
INV003153,7,40.666666666666664,At Risk
INV003158,9,55.625,At Risk
INV003161,6,77.4,At Risk
INV003169,6,62.6,At Risk
INV003178,6,56.4,At Risk
INV003179,9,56.25,At Risk
INV003185,6,65.2,At Risk
INV003187,9,58.25,At Risk
INV003189,9,55.125,At Risk
INV003191,6,76.8,At Risk
INV003193,6,96.6,At Risk
INV003196,7,80.33333333333333,At Risk
INV003205,7,67.66666666666667,At Risk
INV003210,6,72.2,At Risk
INV003211,7,69.0,At Risk
INV003214,6,59.8,At Risk
INV003215,7,60.833333333333336,At Risk
INV003219,6,57.2,At Risk
INV003221,7,61.166666666666664,At Risk
INV003222,7,81.5,At Risk
INV003223,8,67.71428571428571,At Risk
INV003228,7,70.16666666666667,At Risk
INV003230,7,67.5,At Risk
INV003231,7,83.0,At Risk
INV003234,6,96.6,At Risk
INV003236,9,51.125,At Risk
INV003242,7,61.0,At Risk
INV003247,6,84.6,At Risk
INV003252,6,67.6,At Risk
INV003256,7,51.0,At Risk
INV003257,6,61.8,At Risk
INV003260,6,89.4,At Risk
INV003262,6,85.2,At Risk
INV003267,6,74.4,At Risk
INV003271,7,61.166666666666664,At Risk
INV003273,8,60.142857142857146,At Risk
INV003277,8,53.714285714285715,At Risk
INV003279,9,63.375,At Risk
INV003289,7,64.83333333333333,At Risk
INV003300,6,64.8,At Risk
INV003301,9,59.375,At Risk
INV003304,10,44.22222222222222,At Risk
INV003308,9,56.75,At Risk
INV003310,6,80.8,At Risk
INV003311,9,48.0,At Risk
INV003314,7,73.5,At Risk
INV003317,8,44.142857142857146,At Risk
INV003320,8,45.285714285714285,At Risk
INV003325,6,101.0,At Risk
INV003329,6,89.0,At Risk
INV003336,7,72.33333333333333,At Risk
INV003338,9,37.5,At Risk
INV003344,6,86.6,At Risk
INV003350,6,92.4,At Risk
INV003351,6,54.0,At Risk
INV003352,8,68.14285714285714,At Risk
INV003357,6,62.4,At Risk
INV003360,8,59.42857142857143,At Risk
INV003370,7,63.333333333333336,At Risk
INV003372,6,59.4,At Risk
INV003374,7,56.5,At Risk
INV003375,8,52.714285714285715,At Risk
INV003376,6,85.8,At Risk
INV003379,7,75.16666666666667,At Risk
INV003380,6,72.4,At Risk
INV003382,6,34.2,Active
INV003391,6,56.6,At Risk
INV003393,8,63.714285714285715,At Risk
INV003395,6,79.0,At Risk
INV003398,8,55.42857142857143,At Risk
INV003403,6,56.6,At Risk
INV003404,8,50.285714285714285,At Risk
INV003405,8,41.0,At Risk
INV003406,8,59.0,At Risk
INV003407,8,57.42857142857143,At Risk
INV003422,7,84.66666666666667,At Risk
INV003424,7,73.16666666666667,At Risk
INV003427,6,84.2,At Risk
INV003430,6,73.4,At Risk
INV003431,6,51.4,At Risk
INV003432,7,61.333333333333336,At Risk
INV003435,7,73.83333333333333,At Risk
INV003437,6,91.2,At Risk
INV003448,7,74.5,At Risk
INV003450,10,47.666666666666664,At Risk
INV003455,7,35.5,At Risk
INV003457,7,60.5,At Risk
INV003458,8,67.85714285714286,At Risk
INV003459,6,59.4,At Risk
INV003473,6,95.8,At Risk
INV003475,9,56.0,At Risk
INV003478,9,56.625,At Risk
INV003479,8,65.71428571428571,At Risk
INV003480,6,82.4,At Risk
INV003484,6,73.8,At Risk
INV003487,6,70.6,At Risk
INV003491,9,59.125,At Risk
INV003492,6,90.8,At Risk
INV003495,10,49.22222222222222,At Risk
INV003506,7,67.0,At Risk
INV003509,9,60.875,At Risk
INV003511,8,65.57142857142857,At Risk
INV003514,6,74.2,At Risk
INV003518,6,67.8,At Risk
INV003521,6,89.0,At Risk
INV003524,7,64.16666666666667,At Risk
INV003526,6,88.2,At Risk
INV003528,9,58.625,At Risk
INV003530,6,51.0,At Risk
INV003531,6,76.4,At Risk
INV003534,8,52.714285714285715,At Risk
INV003545,6,90.0,At Risk
INV003556,6,77.6,At Risk
INV003557,6,66.4,At Risk
INV003558,7,39.166666666666664,At Risk
INV003559,10,48.333333333333336,At Risk
INV003562,7,80.5,At Risk
INV003564,8,71.0,At Risk
INV003580,7,72.16666666666667,At Risk
INV003581,8,51.285714285714285,At Risk
INV003582,7,49.333333333333336,At Risk
INV003586,8,54.285714285714285,At Risk
INV003592,6,75.6,At Risk
INV003593,6,78.2,At Risk
INV003598,8,68.0,At Risk
INV003599,6,50.0,At Risk
INV003601,9,45.25,At Risk
INV003604,6,90.2,At Risk
INV003607,6,70.4,At Risk
INV003611,7,68.83333333333333,At Risk
INV003613,8,67.42857142857143,At Risk
INV003619,6,72.0,At Risk
INV003625,6,62.4,At Risk
INV003627,7,59.166666666666664,At Risk
INV003630,7,52.0,At Risk
INV003633,6,78.8,At Risk
INV003634,6,47.8,At Risk
INV003635,10,47.111111111111114,At Risk
INV003641,8,67.0,At Risk
INV003642,7,53.166666666666664,At Risk
INV003645,6,95.2,At Risk
INV003649,6,96.8,At Risk
INV003650,11,33.9,Active
INV003654,7,60.5,At Risk
INV003655,10,49.77777777777778,At Risk
INV003658,8,70.71428571428571,At Risk
INV003660,6,79.0,At Risk
INV003669,7,53.5,At Risk
INV003670,8,70.85714285714286,At Risk
INV003672,6,77.2,At Risk
INV003673,8,68.85714285714286,At Risk
INV003678,6,32.8,Active
INV003681,9,51.0,At Risk
INV003683,6,92.4,At Risk
INV003684,6,98.2,At Risk
INV003685,6,80.2,At Risk
INV003686,6,96.6,At Risk
INV003693,7,71.33333333333333,At Risk
INV003695,7,51.666666666666664,At Risk
INV003696,6,75.8,At Risk
INV003697,7,76.66666666666667,At Risk
INV003702,7,72.66666666666667,At Risk
INV003705,6,78.8,At Risk
INV003707,6,68.6,At Risk
INV003708,7,60.5,At Risk
INV003709,6,80.2,At Risk
INV003710,6,78.6,At Risk
INV003711,6,72.2,At Risk
INV003712,6,79.6,At Risk
INV003713,7,81.5,At Risk
INV003718,6,91.4,At Risk
INV003720,6,74.6,At Risk
INV003722,7,50.666666666666664,At Risk
INV003723,6,61.8,At Risk
INV003724,7,68.0,At Risk
INV003733,6,88.8,At Risk
INV003734,8,59.0,At Risk
INV003735,8,45.857142857142854,At Risk
INV003736,7,77.16666666666667,At Risk
INV003738,6,50.6,At Risk
INV003740,7,51.833333333333336,At Risk
INV003741,7,67.66666666666667,At Risk
INV003744,6,86.8,At Risk
INV003745,6,70.2,At Risk
INV003748,8,56.142857142857146,At Risk
INV003757,7,81.83333333333333,At Risk
INV003761,8,51.857142857142854,At Risk
INV003766,8,65.28571428571429,At Risk
INV003767,9,47.5,At Risk
INV003771,10,50.77777777777778,At Risk
INV003772,9,34.5,Active
INV003775,6,74.0,At Risk
INV003779,6,76.4,At Risk
INV003780,8,57.42857142857143,At Risk
INV003781,7,64.83333333333333,At Risk
INV003785,6,74.2,At Risk
INV003787,9,63.25,At Risk
INV003793,7,72.33333333333333,At Risk
INV003795,7,67.66666666666667,At Risk
INV003811,7,78.66666666666667,At Risk
INV003812,7,50.833333333333336,At Risk
INV003813,6,82.2,At Risk
INV003815,7,72.5,At Risk
INV003824,7,71.5,At Risk
INV003825,6,81.2,At Risk
INV003828,7,30.666666666666668,Active
INV003829,10,48.55555555555556,At Risk
INV003830,6,71.4,At Risk
INV003844,7,68.5,At Risk
INV003847,8,50.0,At Risk
INV003849,6,77.2,At Risk
INV003851,7,57.833333333333336,At Risk
INV003860,6,46.0,At Risk
INV003862,7,60.166666666666664,At Risk
INV003865,7,85.16666666666667,At Risk
INV003868,6,87.6,At Risk
INV003872,9,45.375,At Risk
INV003876,6,77.6,At Risk
INV003880,8,68.57142857142857,At Risk
INV003885,6,71.6,At Risk
INV003892,10,55.22222222222222,At Risk
INV003896,6,82.0,At Risk
INV003897,6,71.6,At Risk
INV003903,8,50.285714285714285,At Risk
INV003905,7,62.5,At Risk
INV003906,10,55.111111111111114,At Risk
INV003912,6,68.6,At Risk
INV003913,8,61.42857142857143,At Risk
INV003916,6,67.2,At Risk
INV003920,8,66.85714285714286,At Risk
INV003936,6,89.6,At Risk
INV003938,7,52.5,At Risk
INV003940,7,70.66666666666667,At Risk
INV003943,9,42.5,At Risk
INV003945,7,56.333333333333336,At Risk
INV003946,7,69.16666666666667,At Risk
INV003948,7,43.666666666666664,At Risk
INV003952,7,54.666666666666664,At Risk
INV003958,6,85.6,At Risk
INV003962,8,68.71428571428571,At Risk
INV003964,10,51.22222222222222,At Risk
INV003968,6,92.4,At Risk
INV003972,6,84.2,At Risk
INV003975,8,50.142857142857146,At Risk
INV003978,8,68.14285714285714,At Risk
INV003979,8,56.0,At Risk
INV003981,7,67.66666666666667,At Risk
INV003985,6,93.0,At Risk
INV003996,6,95.2,At Risk
INV004001,8,40.285714285714285,At Risk
INV004004,10,40.77777777777778,At Risk
INV004005,7,73.66666666666667,At Risk
INV004007,7,38.833333333333336,At Risk
INV004009,8,62.285714285714285,At Risk
INV004014,9,61.875,At Risk
INV004015,6,88.0,At Risk
INV004017,7,40.5,At Risk
INV004023,10,52.0,At Risk
INV004037,6,74.6,At Risk
INV004038,7,71.66666666666667,At Risk
INV004049,6,48.2,At Risk
INV004063,8,56.57142857142857,At Risk
INV004066,7,75.16666666666667,At Risk
INV004069,6,74.0,At Risk
INV004070,7,67.66666666666667,At Risk
INV004079,7,71.33333333333333,At Risk
INV004085,7,68.33333333333333,At Risk
INV004091,6,73.6,At Risk
INV004094,6,55.8,At Risk
INV004098,6,58.2,At Risk
INV004099,6,58.8,At Risk
INV004106,6,55.8,At Risk
INV004112,6,55.2,At Risk
INV004116,10,54.888888888888886,At Risk
INV004118,6,64.6,At Risk
INV004119,6,73.2,At Risk
INV004123,6,85.0,At Risk
INV004124,6,63.8,At Risk
INV004125,9,61.625,At Risk
INV004127,6,87.6,At Risk
INV004128,6,67.2,At Risk
INV004134,6,35.4,At Risk
INV004135,10,50.111111111111114,At Risk
INV004143,6,97.0,At Risk
INV004145,6,66.2,At Risk
INV004146,6,88.2,At Risk
INV004147,6,72.2,At Risk
INV004149,6,50.2,At Risk
INV004151,8,63.142857142857146,At Risk
INV004153,8,60.0,At Risk
INV004154,12,46.72727272727273,At Risk
INV004172,8,63.0,At Risk
INV004174,6,86.6,At Risk
INV004175,8,67.85714285714286,At Risk
INV004177,8,45.42857142857143,At Risk
INV004179,6,71.2,At Risk
INV004181,6,93.4,At Risk
INV004191,7,77.16666666666667,At Risk
INV004196,7,78.33333333333333,At Risk
INV004199,6,58.2,At Risk
INV004202,9,47.625,At Risk
INV004203,8,66.57142857142857,At Risk
INV004208,6,73.4,At Risk
INV004212,7,69.33333333333333,At Risk
INV004216,7,82.0,At Risk
INV004228,7,72.33333333333333,At Risk
INV004232,6,71.4,At Risk
INV004239,8,61.142857142857146,At Risk
INV004241,10,53.666666666666664,At Risk
INV004243,8,55.714285714285715,At Risk
INV004246,7,34.166666666666664,Active
INV004247,6,87.2,At Risk
INV004248,7,42.666666666666664,At Risk
INV004258,7,49.666666666666664,At Risk
INV004266,7,61.833333333333336,At Risk
INV004267,7,53.333333333333336,At Risk
INV004270,7,69.66666666666667,At Risk
INV004271,6,79.8,At Risk
INV004279,8,50.285714285714285,At Risk
INV004281,8,41.714285714285715,At Risk
INV004282,8,52.857142857142854,At Risk
INV004285,7,76.16666666666667,At Risk
INV004288,7,72.83333333333333,At Risk
INV004289,11,45.9,At Risk
INV004293,6,81.8,At Risk
INV004295,9,44.75,At Risk
INV004296,6,102.2,At Risk
INV004297,9,41.875,At Risk
INV004299,8,64.14285714285714,At Risk
INV004306,7,57.0,At Risk
INV004308,7,84.66666666666667,At Risk
INV004314,6,83.0,At Risk
INV004319,9,60.5,At Risk
INV004321,9,42.0,At Risk
INV004324,7,77.66666666666667,At Risk
INV004326,10,40.111111111111114,At Risk
INV004332,8,64.71428571428571,At Risk
INV004335,8,64.42857142857143,At Risk
INV004338,10,48.888888888888886,At Risk
INV004340,6,67.8,At Risk
INV004343,6,63.0,At Risk
INV004348,6,52.2,At Risk
INV004349,7,72.5,At Risk
INV004356,6,30.8,Active
INV004357,8,72.42857142857143,At Risk
INV004358,8,45.857142857142854,At Risk
INV004361,8,61.57142857142857,At Risk
INV004364,6,80.6,At Risk
INV004367,6,81.6,At Risk
INV004372,6,59.2,At Risk
INV004391,6,57.0,At Risk
INV004392,6,90.4,At Risk
INV004400,8,46.57142857142857,At Risk
INV004401,8,69.85714285714286,At Risk
INV004403,6,73.6,At Risk
INV004410,11,40.9,At Risk
INV004411,6,61.0,At Risk
INV004412,7,82.33333333333333,At Risk
INV004413,8,69.0,At Risk
INV004414,8,53.857142857142854,At Risk
INV004421,6,90.8,At Risk
INV004427,11,50.8,At Risk
INV004434,6,84.6,At Risk
INV004446,6,65.8,At Risk
INV004447,7,49.833333333333336,At Risk
INV004450,6,61.6,At Risk
INV004451,6,84.0,At Risk
INV004452,7,81.0,At Risk
INV004454,6,98.4,At Risk
INV004455,6,50.0,At Risk
INV004457,6,81.4,At Risk
INV004459,7,53.833333333333336,At Risk
INV004460,9,42.5,At Risk
INV004463,6,94.8,At Risk
INV004464,7,62.5,At Risk
INV004468,7,76.83333333333333,At Risk
INV004472,7,50.666666666666664,At Risk
INV004473,7,73.33333333333333,At Risk
INV004475,7,67.83333333333333,At Risk
INV004477,8,58.714285714285715,At Risk
INV004484,6,61.6,At Risk
INV004502,7,74.5,At Risk
INV004504,8,55.142857142857146,At Risk
INV004511,6,37.2,At Risk
INV004517,6,86.6,At Risk
INV004521,7,54.5,At Risk
INV004523,6,87.2,At Risk
INV004528,7,54.0,At Risk
INV004531,8,60.0,At Risk
INV004533,7,55.0,At Risk
INV004542,7,34.0,Active
INV004547,7,67.5,At Risk
INV004555,8,53.142857142857146,At Risk
INV004560,9,48.375,At Risk
INV004562,6,83.8,At Risk
INV004563,7,64.83333333333333,At Risk
INV004574,8,54.57142857142857,At Risk
INV004576,6,63.0,At Risk
INV004579,8,43.857142857142854,At Risk
INV004581,8,72.14285714285714,At Risk
INV004589,6,71.4,At Risk
INV004594,8,59.142857142857146,At Risk
INV004598,6,84.2,At Risk
INV004602,9,59.625,At Risk
INV004607,8,56.0,At Risk
INV004608,8,55.0,At Risk
INV004611,7,51.166666666666664,At Risk
INV004614,6,79.6,At Risk
INV004617,9,39.25,At Risk
INV004621,9,54.25,At Risk
INV004625,6,96.4,At Risk
INV004629,8,64.57142857142857,At Risk
INV004630,9,50.625,At Risk
INV004631,8,64.71428571428571,At Risk
INV004633,7,78.16666666666667,At Risk
INV004635,7,58.666666666666664,At Risk
INV004636,6,75.6,At Risk
INV004638,7,54.333333333333336,At Risk
INV004640,7,68.33333333333333,At Risk
INV004641,6,67.8,At Risk
INV004642,6,54.8,At Risk
INV004643,6,50.6,At Risk
INV004646,7,64.5,At Risk
INV004647,7,70.66666666666667,At Risk
INV004650,6,80.8,At Risk
INV004661,8,69.71428571428571,At Risk
INV004665,6,83.4,At Risk
INV004672,7,72.0,At Risk
INV004680,7,47.166666666666664,At Risk
INV004682,9,42.25,At Risk
INV004688,6,77.6,At Risk
INV004692,6,83.6,At Risk
INV004701,7,20.0,Active
INV004704,6,93.8,At Risk
INV004712,8,48.57142857142857,At Risk
INV004715,7,56.833333333333336,At Risk
INV004716,7,74.0,At Risk
INV004737,10,54.55555555555556,At Risk
INV004738,6,93.2,At Risk
INV004741,7,72.33333333333333,At Risk
INV004753,6,61.4,At Risk
INV004755,7,61.166666666666664,At Risk
INV004761,6,71.4,At Risk
INV004763,7,83.5,At Risk
INV004764,6,83.0,At Risk
INV004770,8,72.85714285714286,At Risk
INV004776,9,57.375,At Risk
INV004780,7,69.5,At Risk
INV004785,7,66.16666666666667,At Risk
INV004787,7,72.33333333333333,At Risk
INV004798,7,53.666666666666664,At Risk
INV004804,6,79.2,At Risk
INV004805,7,44.666666666666664,At Risk
INV004807,8,36.857142857142854,At Risk
INV004813,6,62.0,At Risk
INV004819,7,62.0,At Risk
INV004825,7,70.0,At Risk
INV004833,6,65.4,At Risk
INV004834,9,38.625,At Risk
INV004840,7,41.0,At Risk
INV004843,8,50.857142857142854,At Risk
INV004844,7,66.66666666666667,At Risk
INV004845,6,81.8,At Risk
INV004847,7,73.5,At Risk
INV004848,9,54.125,At Risk
INV004860,6,78.4,At Risk
INV004863,7,68.0,At Risk
INV004864,8,43.285714285714285,At Risk
INV004865,7,76.33333333333333,At Risk
INV004868,8,56.0,At Risk
INV004871,8,69.14285714285714,At Risk
INV004877,7,80.5,At Risk
INV004889,7,70.66666666666667,At Risk
INV004891,8,55.857142857142854,At Risk
INV004896,6,79.4,At Risk
INV004901,6,54.6,At Risk
INV004911,7,63.666666666666664,At Risk
INV004913,6,87.0,At Risk
INV004916,7,75.5,At Risk
INV004917,7,51.0,At Risk
INV004924,9,59.75,At Risk
INV004925,7,70.83333333333333,At Risk
INV004926,8,66.28571428571429,At Risk
INV004927,7,34.166666666666664,Active
INV004947,6,45.0,At Risk
INV004953,7,67.16666666666667,At Risk
INV004956,8,59.142857142857146,At Risk
INV004958,7,73.16666666666667,At Risk
INV004959,6,68.6,At Risk
INV004967,6,63.2,At Risk
INV004973,9,55.0,At Risk
INV004974,8,52.42857142857143,At Risk
INV004978,7,63.833333333333336,At Risk
INV004981,8,49.142857142857146,At Risk
INV004983,7,57.666666666666664,At Risk
INV004984,7,75.33333333333333,At Risk
INV004986,7,81.33333333333333,At Risk
INV004992,7,81.5,At Risk
INV004996,10,46.333333333333336,At Risk
INV004997,7,71.0,At Risk
